id,order_id,service_name,started_at,completed_at,duration_ms,retry_count,outcome
cae6594d-92fd-4737-b7c7-8849507e3637,25169bd7-6f3a-4218-82f1-0628336e146d,payment,2026-06-10T22:14:58.155417Z,2026-06-10T22:14:58.399038Z,244,0,SUCCESS
57b95fec-9dc6-4b92-9fbf-691a4b057469,25169bd7-6f3a-4218-82f1-0628336e146d,kitchen,2026-06-10T22:14:58.391215Z,2026-06-10T22:14:58.664134Z,273,0,SUCCESS
b646c26f-9f35-40e3-8e7a-6252f24cb725,25169bd7-6f3a-4218-82f1-0628336e146d,payment,2026-06-10T22:14:58.407064Z,2026-06-10T22:14:58.413537Z,6,0,SKIPPED_DUPLICATE
ed2f37e7-f078-4798-b93a-6296cc970c63,25169bd7-6f3a-4218-82f1-0628336e146d,payment,2026-06-10T22:14:58.421132Z,2026-06-10T22:14:58.423494Z,2,0,SKIPPED_DUPLICATE
19e35d55-87aa-41ab-9250-13ff43633d38,a6a0ec7f-b77a-4ce6-add4-da10d27b8f77,payment,2026-06-10T22:14:58.431113Z,2026-06-10T22:14:58.674475Z,243,0,SUCCESS
e65b8525-2fd1-4f71-9734-085d0f429bf0,25169bd7-6f3a-4218-82f1-0628336e146d,delivery,2026-06-10T22:14:58.655733Z,2026-06-10T22:14:59.232623Z,577,0,SUCCESS
5f9976eb-0f00-4c33-838f-3a598b6695cb,a6a0ec7f-b77a-4ce6-add4-da10d27b8f77,kitchen,2026-06-10T22:14:58.673319Z,2026-06-10T22:14:59.065337Z,392,0,SUCCESS
0a4ccf71-c6a6-4bd0-8ddf-f40eaf8e931b,a6a0ec7f-b77a-4ce6-add4-da10d27b8f77,payment,2026-06-10T22:14:58.680668Z,2026-06-10T22:14:58.684627Z,4,0,SKIPPED_DUPLICATE
e256d0ed-b5ae-443f-ba06-01024d1ab2c5,a6a0ec7f-b77a-4ce6-add4-da10d27b8f77,payment,2026-06-10T22:14:58.693020Z,2026-06-10T22:14:58.695895Z,3,0,SKIPPED_DUPLICATE
eee2863d-0ced-4758-a082-2a3a54ad2237,ccea48bd-bd35-4fb9-b776-b33088ae6638,payment,2026-06-10T22:14:58.702022Z,2026-06-10T22:14:58.945500Z,243,0,SUCCESS
4dc32b7d-44f0-4bce-ace3-346f1f971a84,ccea48bd-bd35-4fb9-b776-b33088ae6638,payment,2026-06-10T22:14:58.950527Z,2026-06-10T22:14:58.952929Z,2,0,SKIPPED_DUPLICATE
cfe090f7-d6a3-4240-b2bb-3ce1efd881cb,ccea48bd-bd35-4fb9-b776-b33088ae6638,payment,2026-06-10T22:14:58.959175Z,2026-06-10T22:14:58.962141Z,3,0,SKIPPED_DUPLICATE
11081cf5-5088-4c40-b40b-1c10cfc88c60,ad215b7d-2dff-41d7-aae8-43bb3c17af85,payment,2026-06-10T22:14:58.968136Z,2026-06-10T22:14:59.289548Z,321,0,SUCCESS
f7ad3b0f-1a5c-404d-9f1b-0927bcd96eb3,ccea48bd-bd35-4fb9-b776-b33088ae6638,kitchen,2026-06-10T22:14:59.072740Z,2026-06-10T22:14:59.504835Z,432,0,SUCCESS
8fb281cf-2dc0-40fe-87d0-510aa1f29ad7,a6a0ec7f-b77a-4ce6-add4-da10d27b8f77,delivery,2026-06-10T22:14:59.238878Z,2026-06-10T22:14:59.647690Z,409,0,SUCCESS
44186aa6-55f4-409f-bcae-f59146618f14,ad215b7d-2dff-41d7-aae8-43bb3c17af85,payment,2026-06-10T22:14:59.295389Z,2026-06-10T22:14:59.298033Z,3,0,SKIPPED_DUPLICATE
f743f004-0f03-40de-9406-0ce0e8f9a17e,ad215b7d-2dff-41d7-aae8-43bb3c17af85,payment,2026-06-10T22:14:59.302308Z,2026-06-10T22:14:59.305671Z,3,0,SKIPPED_DUPLICATE
7c0fc5f0-4abb-4344-b8e6-45684a2f84ed,acb8eb7e-ecf1-41d8-833b-0d07947d51b8,payment,2026-06-10T22:14:59.311458Z,2026-06-10T22:14:59.563647Z,252,0,SUCCESS
9516c2c5-3244-4074-8e33-a36eae4b58b5,ad215b7d-2dff-41d7-aae8-43bb3c17af85,kitchen,2026-06-10T22:14:59.510187Z,2026-06-10T22:14:59.790216Z,280,0,SUCCESS
8424a321-1724-46b1-90a8-b8368c08a50f,acb8eb7e-ecf1-41d8-833b-0d07947d51b8,payment,2026-06-10T22:14:59.568802Z,2026-06-10T22:14:59.571683Z,3,0,SKIPPED_DUPLICATE
3ee6c3cb-c4b9-4074-8694-3d9970475093,acb8eb7e-ecf1-41d8-833b-0d07947d51b8,payment,2026-06-10T22:14:59.576561Z,2026-06-10T22:14:59.578973Z,2,0,SKIPPED_DUPLICATE
32c003bd-228b-4c07-9401-fa02965d7be5,57079f25-ea73-49a5-8350-601b56a779a4,payment,2026-06-10T22:14:59.583903Z,2026-06-10T22:14:59.772213Z,188,0,SUCCESS
efa26363-6834-4e52-838d-c09be50f15f8,ccea48bd-bd35-4fb9-b776-b33088ae6638,delivery,2026-06-10T22:14:59.652048Z,2026-06-10T22:15:00.074515Z,422,0,SUCCESS
59f24f90-e084-4ca7-8843-7df804f1ef4a,57079f25-ea73-49a5-8350-601b56a779a4,payment,2026-06-10T22:14:59.778681Z,2026-06-10T22:14:59.782844Z,4,0,SKIPPED_DUPLICATE
b2d48501-2f43-48f6-9d7a-58d43396becf,57079f25-ea73-49a5-8350-601b56a779a4,payment,2026-06-10T22:14:59.789698Z,2026-06-10T22:14:59.793460Z,4,0,SKIPPED_DUPLICATE
e959e072-59c3-4f3e-8354-67dec8298ff1,acb8eb7e-ecf1-41d8-833b-0d07947d51b8,kitchen,2026-06-10T22:14:59.795254Z,2026-06-10T22:15:00.154634Z,359,0,SUCCESS
b42ff6ef-0198-4e69-9744-797d6a6ea184,d01c1a8c-4390-4c97-9209-396f5b08879d,payment,2026-06-10T22:14:59.798565Z,2026-06-10T22:15:00.094589Z,296,0,SUCCESS
29f5fd4c-60f3-498d-8ad2-b57352ba9580,ad215b7d-2dff-41d7-aae8-43bb3c17af85,delivery,2026-06-10T22:15:00.078234Z,2026-06-10T22:15:00.435648Z,357,0,SUCCESS
0c1d117c-079d-4f93-8148-c45e5ca750c5,d01c1a8c-4390-4c97-9209-396f5b08879d,payment,2026-06-10T22:15:00.101663Z,2026-06-10T22:15:00.104060Z,2,0,SKIPPED_DUPLICATE
123f98dd-e05b-4239-aebe-21c7610cc207,d01c1a8c-4390-4c97-9209-396f5b08879d,payment,2026-06-10T22:15:00.109020Z,2026-06-10T22:15:00.111371Z,2,0,SKIPPED_DUPLICATE
b6f3d02c-e379-496d-b918-958f7bdc2b8d,2a7f83d9-d958-4b18-a29a-5c98ff282782,payment,2026-06-10T22:15:00.116054Z,2026-06-10T22:15:00.275217Z,159,0,SUCCESS
199c5011-99b5-48d0-a272-81607c6f7dc2,57079f25-ea73-49a5-8350-601b56a779a4,kitchen,2026-06-10T22:15:00.161267Z,2026-06-10T22:15:00.470969Z,310,0,SUCCESS
2ad79ec9-8b93-4924-a973-004259e3fddb,2a7f83d9-d958-4b18-a29a-5c98ff282782,payment,2026-06-10T22:15:00.278885Z,2026-06-10T22:15:00.280666Z,2,0,SKIPPED_DUPLICATE
2f6e62e4-aaeb-4f03-93c9-35e2fd03bb33,2a7f83d9-d958-4b18-a29a-5c98ff282782,payment,2026-06-10T22:15:00.283743Z,2026-06-10T22:15:00.285882Z,2,0,SKIPPED_DUPLICATE
eb06041a-f413-478a-9d57-9a00b00d021e,c19ed5f7-ec26-4735-b330-97ee20d43a31,payment,2026-06-10T22:15:00.290443Z,2026-06-10T22:15:00.553159Z,263,0,SUCCESS
dbe1f537-4f38-4245-a7c1-b5ca5f5eccb8,acb8eb7e-ecf1-41d8-833b-0d07947d51b8,delivery,2026-06-10T22:15:00.441597Z,2026-06-10T22:15:00.878082Z,436,0,SUCCESS
5c399da4-cc1a-4abe-ba32-ed37ff31d35f,d01c1a8c-4390-4c97-9209-396f5b08879d,kitchen,2026-06-10T22:15:00.477515Z,2026-06-10T22:15:00.917843Z,440,0,SUCCESS
fae47ed9-314e-4386-9afb-5aaa14202a95,c19ed5f7-ec26-4735-b330-97ee20d43a31,payment,2026-06-10T22:15:00.557115Z,2026-06-10T22:15:00.562103Z,5,0,SKIPPED_DUPLICATE
10765776-03b2-4a84-b9cc-8d3fbd52fced,c19ed5f7-ec26-4735-b330-97ee20d43a31,payment,2026-06-10T22:15:00.566633Z,2026-06-10T22:15:00.568632Z,2,0,SKIPPED_DUPLICATE
f58c0107-9651-4399-a5e6-3e5db681f7b0,399685f2-1b6e-4c71-b29b-85c602f0b6b7,payment,2026-06-10T22:15:00.572049Z,2026-06-10T22:15:00.889487Z,317,0,SUCCESS
3c12ec7e-2c44-4284-9db9-86d2ae021294,57079f25-ea73-49a5-8350-601b56a779a4,delivery,2026-06-10T22:15:00.885940Z,2026-06-10T22:15:01.246825Z,361,0,SUCCESS
0f34f8c7-df1a-48ea-b76a-5df3b3a83f70,399685f2-1b6e-4c71-b29b-85c602f0b6b7,payment,2026-06-10T22:15:00.894432Z,2026-06-10T22:15:00.896503Z,2,0,SKIPPED_DUPLICATE
3e1c6c68-1b1d-4804-8bf7-a3239f244c65,399685f2-1b6e-4c71-b29b-85c602f0b6b7,payment,2026-06-10T22:15:00.899719Z,2026-06-10T22:15:00.901541Z,2,0,SKIPPED_DUPLICATE
fd4d0060-36be-4171-92bc-3df55053cafa,78f88228-e9cf-4e61-982d-a3252032f7e4,payment,2026-06-10T22:15:00.904612Z,2026-06-10T22:15:01.094365Z,190,0,SUCCESS
500651aa-2de6-4213-8683-c973da50f803,2a7f83d9-d958-4b18-a29a-5c98ff282782,kitchen,2026-06-10T22:15:00.923086Z,2026-06-10T22:15:01.438622Z,516,0,SUCCESS
f53fa7ca-2aab-4e3e-83cf-d7d9f487a6eb,78f88228-e9cf-4e61-982d-a3252032f7e4,payment,2026-06-10T22:15:01.097860Z,2026-06-10T22:15:01.099951Z,2,0,SKIPPED_DUPLICATE
0d61b242-e3a9-4819-8a15-eb911b684eac,78f88228-e9cf-4e61-982d-a3252032f7e4,payment,2026-06-10T22:15:01.104973Z,2026-06-10T22:15:01.107095Z,2,0,SKIPPED_DUPLICATE
a102f736-ed3c-4d49-b8dc-e6f10d3601d1,e89dafa2-777c-4b9c-8ebb-9cd73a81a24e,payment,2026-06-10T22:15:01.111951Z,2026-06-10T22:15:01.257481Z,146,0,SUCCESS
7d1af96a-ee67-41e8-8cb0-57cfc703fcd2,d01c1a8c-4390-4c97-9209-396f5b08879d,delivery,2026-06-10T22:15:01.252881Z,2026-06-10T22:15:01.979824Z,727,0,SUCCESS
af92277f-9897-4545-b109-d69c0742cb33,e89dafa2-777c-4b9c-8ebb-9cd73a81a24e,payment,2026-06-10T22:15:01.264176Z,2026-06-10T22:15:01.267366Z,3,0,SKIPPED_DUPLICATE
8d978b98-905b-4bf8-ad38-4a954e9e2fac,e89dafa2-777c-4b9c-8ebb-9cd73a81a24e,payment,2026-06-10T22:15:01.273067Z,2026-06-10T22:15:01.275751Z,3,0,SKIPPED_DUPLICATE
6545dfe2-6909-435f-8711-ff93f2e49226,27df6958-0f83-4446-8755-1e938fa03621,payment,2026-06-10T22:15:01.279996Z,2026-06-10T22:15:01.571904Z,292,0,SUCCESS
bbf5846c-5ba8-4dd3-bdda-d20065b66197,c19ed5f7-ec26-4735-b330-97ee20d43a31,kitchen,2026-06-10T22:15:01.443883Z,2026-06-10T22:15:01.736949Z,293,0,SUCCESS
2458d07e-0bb8-476d-9e7c-7231e1a5d27b,27df6958-0f83-4446-8755-1e938fa03621,payment,2026-06-10T22:15:01.578339Z,2026-06-10T22:15:01.581022Z,3,0,SKIPPED_DUPLICATE
0bb1ab60-fbde-44cc-83c6-708a130aac62,27df6958-0f83-4446-8755-1e938fa03621,payment,2026-06-10T22:15:01.586358Z,2026-06-10T22:15:01.588924Z,3,0,SKIPPED_DUPLICATE
d80babd2-fff3-47cc-90ac-e29b78668948,7295405a-dff0-4418-b993-bade544a2859,payment,2026-06-10T22:15:01.594152Z,2026-06-10T22:15:01.721143Z,127,0,SUCCESS
e47607c4-c07c-4c8d-ad1e-032a0a232df6,7295405a-dff0-4418-b993-bade544a2859,payment,2026-06-10T22:15:01.726298Z,2026-06-10T22:15:01.729179Z,3,0,SKIPPED_DUPLICATE
2e9e262d-ae20-4645-8493-50d5b9b587a8,7295405a-dff0-4418-b993-bade544a2859,payment,2026-06-10T22:15:01.735621Z,2026-06-10T22:15:01.740141Z,5,0,SKIPPED_DUPLICATE
816c8adb-acbf-4124-933e-277a80d95d33,399685f2-1b6e-4c71-b29b-85c602f0b6b7,kitchen,2026-06-10T22:15:01.743220Z,2026-06-10T22:15:02.256677Z,513,0,SUCCESS
14eb0d43-6ca1-435e-bfe3-15923f33a66d,60fea11b-dd35-4653-a8c1-07b8c0dd49a4,payment,2026-06-10T22:15:01.746745Z,2026-06-10T22:15:02.013767Z,267,0,SUCCESS
3d47f832-6ef9-4b5b-8f9c-cdec53ee2e5a,2a7f83d9-d958-4b18-a29a-5c98ff282782,delivery,2026-06-10T22:15:01.996214Z,2026-06-10T22:15:02.662796Z,667,0,SUCCESS
402ba3af-52ca-456b-a771-f22db2c03f8a,60fea11b-dd35-4653-a8c1-07b8c0dd49a4,payment,2026-06-10T22:15:02.019175Z,2026-06-10T22:15:02.022469Z,3,0,SKIPPED_DUPLICATE
f76c1e1a-ca87-4061-90b0-e06a140cca71,60fea11b-dd35-4653-a8c1-07b8c0dd49a4,payment,2026-06-10T22:15:02.030114Z,2026-06-10T22:15:02.033316Z,3,0,SKIPPED_DUPLICATE
0b9e0fc6-9dc3-429c-a9a6-f263edf48492,22559f05-d613-49e8-848f-bb16b481f8d1,payment,2026-06-10T22:15:02.038784Z,2026-06-10T22:15:02.349320Z,311,0,SUCCESS
50aae126-ed67-4fc4-bb14-d0ca3ae6cbd3,78f88228-e9cf-4e61-982d-a3252032f7e4,kitchen,2026-06-10T22:15:02.263358Z,2026-06-10T22:15:02.766272Z,503,0,SUCCESS
fb7b4a58-abce-414c-828d-e2e89abcc86f,22559f05-d613-49e8-848f-bb16b481f8d1,payment,2026-06-10T22:15:02.354891Z,2026-06-10T22:15:02.357700Z,3,0,SKIPPED_DUPLICATE
e05e9d61-58a3-4351-b7d0-7220c9f78d44,22559f05-d613-49e8-848f-bb16b481f8d1,payment,2026-06-10T22:15:02.363448Z,2026-06-10T22:15:02.367362Z,4,0,SKIPPED_DUPLICATE
8120c654-6385-456a-8617-065a585f9594,bbc27314-f35a-4736-8a84-e36766457f05,payment,2026-06-10T22:15:02.372505Z,2026-06-10T22:15:02.595517Z,223,0,SUCCESS
efc287ad-3a90-4326-b8b5-5306b4f36055,bbc27314-f35a-4736-8a84-e36766457f05,payment,2026-06-10T22:15:02.601560Z,2026-06-10T22:15:02.604098Z,3,0,SKIPPED_DUPLICATE
91678450-85d6-4fa1-882d-31f1d4ee7678,bbc27314-f35a-4736-8a84-e36766457f05,payment,2026-06-10T22:15:02.609106Z,2026-06-10T22:15:02.612031Z,3,0,SKIPPED_DUPLICATE
68540c98-2337-4f3e-b7c5-7ce7a60b6a7a,0c29b4ae-a614-40b4-9fb7-616c729ad926,payment,2026-06-10T22:15:02.618370Z,2026-06-10T22:15:02.886283Z,268,0,SUCCESS
05ede268-2a3f-451c-b782-c7f2830fa417,c19ed5f7-ec26-4735-b330-97ee20d43a31,delivery,2026-06-10T22:15:02.668106Z,2026-06-10T22:15:03.018295Z,350,0,SUCCESS
0610c236-c0e7-4445-bb6d-1abc6e8ea3df,e89dafa2-777c-4b9c-8ebb-9cd73a81a24e,kitchen,2026-06-10T22:15:02.771814Z,2026-06-10T22:15:03.256220Z,484,0,SUCCESS
d5165e7c-9210-41f9-a2ce-0f432527aadf,0c29b4ae-a614-40b4-9fb7-616c729ad926,payment,2026-06-10T22:15:02.892999Z,2026-06-10T22:15:02.895347Z,2,0,SKIPPED_DUPLICATE
7f7aa937-c90d-4768-9ee7-646c7d6d3d6d,0c29b4ae-a614-40b4-9fb7-616c729ad926,payment,2026-06-10T22:15:02.900744Z,2026-06-10T22:15:02.903347Z,3,0,SKIPPED_DUPLICATE
4715ccce-96d5-4233-afb8-6af62df0f6ed,e7cc3a88-4e24-4000-a826-f4f7e254ac71,payment,2026-06-10T22:15:02.907941Z,2026-06-10T22:15:03.073446Z,166,0,SUCCESS
15d9f46b-506f-47f8-81c4-32f4adcdb050,399685f2-1b6e-4c71-b29b-85c602f0b6b7,delivery,2026-06-10T22:15:03.023896Z,2026-06-10T22:15:03.501308Z,477,0,SUCCESS
4a397a7d-6139-42d7-bec3-19ce327da86f,e7cc3a88-4e24-4000-a826-f4f7e254ac71,payment,2026-06-10T22:15:03.080573Z,2026-06-10T22:15:03.083015Z,2,0,SKIPPED_DUPLICATE
10904062-29d9-44db-9fce-ae78dc961828,e7cc3a88-4e24-4000-a826-f4f7e254ac71,payment,2026-06-10T22:15:03.088331Z,2026-06-10T22:15:03.091062Z,3,0,SKIPPED_DUPLICATE
625ae8c0-932c-4671-85f3-5dfdd4039aa9,736ff31d-9969-43f9-8238-986cd75e209a,payment,2026-06-10T22:15:03.095571Z,2026-06-10T22:15:03.308746Z,213,0,SUCCESS
b22f81eb-c029-4ace-a4bf-9894961b24a1,27df6958-0f83-4446-8755-1e938fa03621,kitchen,2026-06-10T22:15:03.262876Z,2026-06-10T22:15:03.625904Z,363,0,SUCCESS
4de969f2-85d4-455a-a623-87ce27230a43,736ff31d-9969-43f9-8238-986cd75e209a,payment,2026-06-10T22:15:03.313769Z,2026-06-10T22:15:03.315703Z,2,0,SKIPPED_DUPLICATE
52831c93-6546-4fe6-a2ed-9885b667d0e3,736ff31d-9969-43f9-8238-986cd75e209a,payment,2026-06-10T22:15:03.320699Z,2026-06-10T22:15:03.323002Z,2,0,SKIPPED_DUPLICATE
a644d6cf-672f-461f-9a8a-da3718f6aa40,54a58bc4-d7bd-4900-969c-03f4f25e3457,payment,2026-06-10T22:15:03.327729Z,2026-06-10T22:15:03.468472Z,141,0,SUCCESS
2bcdfd81-2b57-466c-bb3b-27e9f1fa2318,54a58bc4-d7bd-4900-969c-03f4f25e3457,payment,2026-06-10T22:15:03.473290Z,2026-06-10T22:15:03.476507Z,3,0,SKIPPED_DUPLICATE
08067a8a-564e-4964-ad08-c6d5be430f9a,54a58bc4-d7bd-4900-969c-03f4f25e3457,payment,2026-06-10T22:15:03.482285Z,2026-06-10T22:15:03.485301Z,3,0,SKIPPED_DUPLICATE
53fc763c-cc59-4b12-b9c1-3c83898315c6,36570c53-76e8-4f1a-bafa-94f866f16ccc,payment,2026-06-10T22:15:03.490873Z,2026-06-10T22:15:03.744595Z,254,0,SUCCESS
ee5eef01-def4-489b-b936-12476385e9f6,78f88228-e9cf-4e61-982d-a3252032f7e4,delivery,2026-06-10T22:15:03.506552Z,2026-06-10T22:15:04.051283Z,545,0,SUCCESS
7b93157a-9244-4da2-abb2-d08f7e657cd3,7295405a-dff0-4418-b993-bade544a2859,kitchen,2026-06-10T22:15:03.631272Z,2026-06-10T22:15:03.863962Z,233,0,SUCCESS
f8169707-694e-4388-94b4-1c005aa171fb,36570c53-76e8-4f1a-bafa-94f866f16ccc,payment,2026-06-10T22:15:03.750496Z,2026-06-10T22:15:03.753530Z,3,0,SKIPPED_DUPLICATE
cedeb6ad-ada1-49fb-8619-66c7f5022ece,36570c53-76e8-4f1a-bafa-94f866f16ccc,payment,2026-06-10T22:15:03.758477Z,2026-06-10T22:15:03.761022Z,3,0,SKIPPED_DUPLICATE
cf923292-e6ee-4892-9196-40465125407d,a8488d8f-810a-4c28-863e-afe8179047f8,payment,2026-06-10T22:15:03.765444Z,2026-06-10T22:15:04.012849Z,247,0,SUCCESS
9bc1c2d0-9e3d-4c6b-b4fa-787016b5c5bd,60fea11b-dd35-4653-a8c1-07b8c0dd49a4,kitchen,2026-06-10T22:15:03.869305Z,2026-06-10T22:15:04.304212Z,435,0,SUCCESS
e4035879-5378-4bd9-a29f-cc3b4415ba40,a8488d8f-810a-4c28-863e-afe8179047f8,payment,2026-06-10T22:15:04.018708Z,2026-06-10T22:15:04.021501Z,3,0,SKIPPED_DUPLICATE
127996ea-4de8-4de9-9195-15c753a6b20f,a8488d8f-810a-4c28-863e-afe8179047f8,payment,2026-06-10T22:15:04.026511Z,2026-06-10T22:15:04.029448Z,3,0,SKIPPED_DUPLICATE
dc4d29a4-b4f1-4543-a3db-96381823099b,a0e5036d-fad1-4ac3-9afe-38f01c944b2c,payment,2026-06-10T22:15:04.034492Z,2026-06-10T22:15:04.244413Z,210,0,SUCCESS
0f7bb512-4775-4aca-b9b0-c30ff71de033,e89dafa2-777c-4b9c-8ebb-9cd73a81a24e,delivery,2026-06-10T22:15:04.057406Z,2026-06-10T22:15:04.452324Z,395,0,SUCCESS
5a658941-4ee9-4b0c-9459-80dcfae675ca,a0e5036d-fad1-4ac3-9afe-38f01c944b2c,payment,2026-06-10T22:15:04.250655Z,2026-06-10T22:15:04.253188Z,3,0,SKIPPED_DUPLICATE
e72cf4a3-8718-4fc0-a25f-39186090c37d,a0e5036d-fad1-4ac3-9afe-38f01c944b2c,payment,2026-06-10T22:15:04.258696Z,2026-06-10T22:15:04.261336Z,3,0,SKIPPED_DUPLICATE
ed0860f2-083b-42de-8b7d-50c044a2a983,74b414a0-1c6e-40bc-ba2b-4dd6943aa9b5,payment,2026-06-10T22:15:04.266281Z,2026-06-10T22:15:04.396497Z,130,0,SUCCESS
bdd8f489-2d14-42de-b560-a0615bf1bc23,22559f05-d613-49e8-848f-bb16b481f8d1,kitchen,2026-06-10T22:15:04.309177Z,2026-06-10T22:15:04.547249Z,238,0,SUCCESS
8cde00d3-b505-4cb0-8e2e-b1ed15556d4b,74b414a0-1c6e-40bc-ba2b-4dd6943aa9b5,payment,2026-06-10T22:15:04.401808Z,2026-06-10T22:15:04.404507Z,3,0,SKIPPED_DUPLICATE
571e9e64-e087-4e7d-a3be-3da5f5347388,74b414a0-1c6e-40bc-ba2b-4dd6943aa9b5,payment,2026-06-10T22:15:04.410222Z,2026-06-10T22:15:04.413300Z,3,0,SKIPPED_DUPLICATE
eda1284c-80f6-43ad-9933-32485c41b311,688a4856-09d8-4639-baea-2e2c175e5f17,payment,2026-06-10T22:15:04.418084Z,2026-06-10T22:15:04.637549Z,219,0,SUCCESS
d65fddec-82d2-4385-b885-689171c710af,27df6958-0f83-4446-8755-1e938fa03621,delivery,2026-06-10T22:15:04.457120Z,2026-06-10T22:15:05.032087Z,575,0,SUCCESS
ef8739a0-d60a-4af8-b329-4618c1c151a3,bbc27314-f35a-4736-8a84-e36766457f05,kitchen,2026-06-10T22:15:04.552070Z,2026-06-10T22:15:04.998410Z,446,0,SUCCESS
ba6f7c4a-eaf1-44cb-a2f1-a1c956f551a1,688a4856-09d8-4639-baea-2e2c175e5f17,payment,2026-06-10T22:15:04.642274Z,2026-06-10T22:15:04.644883Z,3,0,SKIPPED_DUPLICATE
81e90230-4696-44d7-a0d3-21751ceb35dc,688a4856-09d8-4639-baea-2e2c175e5f17,payment,2026-06-10T22:15:04.649420Z,2026-06-10T22:15:04.651717Z,2,0,SKIPPED_DUPLICATE
1d952b71-0759-48f2-8d48-8b2ca6b6cea2,1d87e41a-3c18-4cfe-95df-d6efa91610ae,payment,2026-06-10T22:15:04.656423Z,2026-06-10T22:15:04.908488Z,252,0,SUCCESS
b765279b-c0c8-4c0b-b94e-35b34355e117,1d87e41a-3c18-4cfe-95df-d6efa91610ae,payment,2026-06-10T22:15:04.915550Z,2026-06-10T22:15:04.918309Z,3,0,SKIPPED_DUPLICATE
18becdc1-3b4b-4f2b-bb59-8c39b43316ba,1d87e41a-3c18-4cfe-95df-d6efa91610ae,payment,2026-06-10T22:15:04.923986Z,2026-06-10T22:15:04.927696Z,4,0,SKIPPED_DUPLICATE
92d4f497-39de-493e-9289-0e4cb70afef0,e63dd102-0e05-4add-b9df-502f3d52826f,payment,2026-06-10T22:15:04.934225Z,2026-06-10T22:15:05.178910Z,245,0,SUCCESS
f2ac5cdb-d7f5-4fb1-82a9-5806127d8f86,0c29b4ae-a614-40b4-9fb7-616c729ad926,kitchen,2026-06-10T22:15:05.002763Z,2026-06-10T22:15:05.308332Z,306,0,SUCCESS
c46f4a6a-c591-4d1e-b169-0019f63b5f97,7295405a-dff0-4418-b993-bade544a2859,delivery,2026-06-10T22:15:05.037602Z,2026-06-10T22:15:05.707642Z,670,0,SUCCESS
883b3faf-db0f-4a30-8259-3f98a97e6901,e63dd102-0e05-4add-b9df-502f3d52826f,payment,2026-06-10T22:15:05.185252Z,2026-06-10T22:15:05.188997Z,4,0,SKIPPED_DUPLICATE
8d7eaa98-fa98-41c2-8adb-8d32ae6db9c8,e63dd102-0e05-4add-b9df-502f3d52826f,payment,2026-06-10T22:15:05.196101Z,2026-06-10T22:15:05.199230Z,3,0,SKIPPED_DUPLICATE
a7bf90e0-b707-4293-826d-1268332e3163,6ffa515c-7507-4a84-af12-13ab3e4bf151,payment,2026-06-10T22:15:05.206339Z,2026-06-10T22:15:05.462700Z,256,0,SUCCESS
74f31c63-5fe4-48cd-8eea-8cd96cf01571,e7cc3a88-4e24-4000-a826-f4f7e254ac71,kitchen,2026-06-10T22:15:05.311901Z,2026-06-10T22:15:05.771718Z,460,0,SUCCESS
e21cb34a-a94c-40a1-bcfe-8bdd3962d65a,6ffa515c-7507-4a84-af12-13ab3e4bf151,payment,2026-06-10T22:15:05.467640Z,2026-06-10T22:15:05.470128Z,2,0,SKIPPED_DUPLICATE
219f5a4d-2dc5-40d8-9a30-1ffe3c320782,6ffa515c-7507-4a84-af12-13ab3e4bf151,payment,2026-06-10T22:15:05.475206Z,2026-06-10T22:15:05.477924Z,3,0,SKIPPED_DUPLICATE
607011e2-232b-4714-b32e-50b87e19580b,507d440a-f2c5-46be-8a2e-f2c4dd72a4a7,payment,2026-06-10T22:15:05.482285Z,2026-06-10T22:15:05.735440Z,253,0,SUCCESS
1e450af3-87d5-4ad5-84e1-f9324819b06f,60fea11b-dd35-4653-a8c1-07b8c0dd49a4,delivery,2026-06-10T22:15:05.713817Z,2026-06-10T22:15:06.287529Z,574,0,SUCCESS
e53abade-b0e1-4d37-b1b0-fdafd7eedfd0,507d440a-f2c5-46be-8a2e-f2c4dd72a4a7,payment,2026-06-10T22:15:05.741403Z,2026-06-10T22:15:05.744157Z,3,0,SKIPPED_DUPLICATE
7fbf7aab-39bf-42ad-8e09-b0a69fbc29eb,507d440a-f2c5-46be-8a2e-f2c4dd72a4a7,payment,2026-06-10T22:15:05.748950Z,2026-06-10T22:15:05.751295Z,2,0,SKIPPED_DUPLICATE
5d61c1eb-f413-4cb5-842d-fec3ce213473,3e03fea0-375e-4fe9-be1c-47274f88d181,payment,2026-06-10T22:15:05.755844Z,2026-06-10T22:15:05.908727Z,153,0,SUCCESS
f3fd5392-f8f0-4745-8e97-488c23396ac4,736ff31d-9969-43f9-8238-986cd75e209a,kitchen,2026-06-10T22:15:05.775225Z,2026-06-10T22:15:06.165904Z,391,0,SUCCESS
e9f72657-34d2-4aa3-b061-be96013cf2de,3e03fea0-375e-4fe9-be1c-47274f88d181,payment,2026-06-10T22:15:05.913620Z,2026-06-10T22:15:05.915736Z,2,0,SKIPPED_DUPLICATE
8f38dfca-5b90-4e8c-8868-9efc4e1c8271,3e03fea0-375e-4fe9-be1c-47274f88d181,payment,2026-06-10T22:15:05.919771Z,2026-06-10T22:15:05.922037Z,2,0,SKIPPED_DUPLICATE
1c0f46e0-dd0f-4a44-b7ca-5c35f82273db,af65b7e2-53f0-4f28-a568-6b5652e7b017,payment,2026-06-10T22:15:05.926407Z,2026-06-10T22:15:06.191418Z,265,0,SUCCESS
0d3d46f6-07df-4407-bac4-6978ed1f52e6,54a58bc4-d7bd-4900-969c-03f4f25e3457,kitchen,2026-06-10T22:15:06.169008Z,2026-06-10T22:15:06.426961Z,258,0,SUCCESS
94cc9b7e-28d7-4fb9-a904-cdf13487b83e,af65b7e2-53f0-4f28-a568-6b5652e7b017,payment,2026-06-10T22:15:06.196104Z,2026-06-10T22:15:06.198331Z,2,0,SKIPPED_DUPLICATE
48cf4065-8764-4847-bd04-96f5d7388a33,af65b7e2-53f0-4f28-a568-6b5652e7b017,payment,2026-06-10T22:15:06.202279Z,2026-06-10T22:15:06.209594Z,7,0,SKIPPED_DUPLICATE
0f4162d8-7ea8-4fbe-8951-deeb00a7d9de,3ba35208-c6a8-43ca-9774-11f960b07f6e,payment,2026-06-10T22:15:06.213451Z,2026-06-10T22:15:06.495564Z,282,0,SUCCESS
421d108c-475e-4352-bfc0-69cc048045fa,22559f05-d613-49e8-848f-bb16b481f8d1,delivery,2026-06-10T22:15:06.292740Z,2026-06-10T22:15:06.902264Z,610,0,SUCCESS
c9e43884-caea-41b1-b5c9-166c9de5c8e8,36570c53-76e8-4f1a-bafa-94f866f16ccc,kitchen,2026-06-10T22:15:06.430829Z,2026-06-10T22:15:06.936516Z,506,0,SUCCESS
bd0b1bdd-538c-4bd7-a4e8-0335809aeef7,3ba35208-c6a8-43ca-9774-11f960b07f6e,payment,2026-06-10T22:15:06.499614Z,2026-06-10T22:15:06.501186Z,2,0,SKIPPED_DUPLICATE
d17e6ef8-08a5-4f62-8e54-8e8d5b6eb9d4,3ba35208-c6a8-43ca-9774-11f960b07f6e,payment,2026-06-10T22:15:06.503945Z,2026-06-10T22:15:06.505444Z,1,0,SKIPPED_DUPLICATE
b6402ab7-8a79-468d-8efc-53470cd7250d,f6f8c3dd-2249-4710-8eb6-0111c05bce4e,payment,2026-06-10T22:15:06.508361Z,2026-06-10T22:15:06.784600Z,276,0,SUCCESS
86e364ad-5fc2-4557-bb87-e9ca1919b8d6,f6f8c3dd-2249-4710-8eb6-0111c05bce4e,payment,2026-06-10T22:15:06.787570Z,2026-06-10T22:15:06.789024Z,1,0,SKIPPED_DUPLICATE
4da47207-c47a-4c9b-b968-5786aca2f05f,f6f8c3dd-2249-4710-8eb6-0111c05bce4e,payment,2026-06-10T22:15:06.791932Z,2026-06-10T22:15:06.793457Z,2,0,SKIPPED_DUPLICATE
6f14d257-d781-4a32-8d6a-047d44dc0965,c9948ffe-e1bb-4d33-b12f-2d07a34a2c12,payment,2026-06-10T22:15:06.796242Z,2026-06-10T22:15:07.034265Z,238,0,SUCCESS
4875e435-0e63-450e-9076-9c8c3e7415cd,bbc27314-f35a-4736-8a84-e36766457f05,delivery,2026-06-10T22:15:06.906302Z,2026-06-10T22:15:07.369665Z,463,0,SUCCESS
3a30e3f3-1b67-471d-9506-b78d0e1c09cf,a8488d8f-810a-4c28-863e-afe8179047f8,kitchen,2026-06-10T22:15:06.939333Z,2026-06-10T22:15:07.319952Z,381,0,SUCCESS
7c6816a6-e083-4f66-b1bf-3723975534a2,c9948ffe-e1bb-4d33-b12f-2d07a34a2c12,payment,2026-06-10T22:15:07.038482Z,2026-06-10T22:15:07.040089Z,2,0,SKIPPED_DUPLICATE
0fe52b7f-18a0-4da1-984f-9ad93ca533f3,c9948ffe-e1bb-4d33-b12f-2d07a34a2c12,payment,2026-06-10T22:15:07.043470Z,2026-06-10T22:15:07.045204Z,2,0,SKIPPED_DUPLICATE
d4233430-33a5-441a-bea4-71ac58faea14,4411f9c3-20c3-416b-8afe-b534f28cf482,payment,2026-06-10T22:15:07.048104Z,2026-06-10T22:15:07.345336Z,297,0,SUCCESS
973b67ef-5a79-4fa6-a9fb-b368167c8ef1,a0e5036d-fad1-4ac3-9afe-38f01c944b2c,kitchen,2026-06-10T22:15:07.323912Z,2026-06-10T22:15:07.721210Z,397,0,SUCCESS
4406c1e8-1725-40ec-aca2-13ad38698a73,4411f9c3-20c3-416b-8afe-b534f28cf482,payment,2026-06-10T22:15:07.348943Z,2026-06-10T22:15:07.351170Z,2,0,SKIPPED_DUPLICATE
fa60d62e-5e2d-40e7-af82-ae2fb7a1c310,4411f9c3-20c3-416b-8afe-b534f28cf482,payment,2026-06-10T22:15:07.355185Z,2026-06-10T22:15:07.357769Z,3,0,SKIPPED_DUPLICATE
70b3c3e3-ca04-4727-894e-4c308b5664a5,2b3a2683-502e-4215-8f9f-d30b472e2a7f,payment,2026-06-10T22:15:07.361941Z,2026-06-10T22:15:07.667153Z,305,0,SUCCESS
3f30fa14-f890-4f06-994b-02d8b7f40d40,0c29b4ae-a614-40b4-9fb7-616c729ad926,delivery,2026-06-10T22:15:07.377317Z,2026-06-10T22:15:07.862194Z,485,0,SUCCESS
05c852bb-7de0-4ae4-a01b-88d7751c7303,2b3a2683-502e-4215-8f9f-d30b472e2a7f,payment,2026-06-10T22:15:07.671072Z,2026-06-10T22:15:07.672659Z,2,0,SKIPPED_DUPLICATE
75559d19-79f9-442f-98e0-271b34d158f4,2b3a2683-502e-4215-8f9f-d30b472e2a7f,payment,2026-06-10T22:15:07.676029Z,2026-06-10T22:15:07.677569Z,2,0,SKIPPED_DUPLICATE
2625ceec-db8a-40f2-9ae6-2c8fa758ec0d,adec0484-5f76-4b12-9ec5-98ad817cce8a,payment,2026-06-10T22:15:07.680642Z,2026-06-10T22:15:07.810013Z,129,0,SUCCESS
af4afc71-4ed4-416b-af1a-35bc297f2713,74b414a0-1c6e-40bc-ba2b-4dd6943aa9b5,kitchen,2026-06-10T22:15:07.723922Z,2026-06-10T22:15:08.186554Z,463,0,SUCCESS
757f1e5e-a7ef-416f-a60e-42b4ae02ac65,adec0484-5f76-4b12-9ec5-98ad817cce8a,payment,2026-06-10T22:15:07.813482Z,2026-06-10T22:15:07.815549Z,2,0,SKIPPED_DUPLICATE
b309b021-15c0-4e0c-864f-5cf592f9ca46,adec0484-5f76-4b12-9ec5-98ad817cce8a,payment,2026-06-10T22:15:07.818946Z,2026-06-10T22:15:07.820826Z,2,0,SKIPPED_DUPLICATE
576a93b4-54c8-46f2-9cb1-09f65386ac6b,3f9e0530-f133-4b0b-8229-8097297342fa,payment,2026-06-10T22:15:07.823910Z,2026-06-10T22:15:08.128889Z,305,0,SUCCESS
493d285b-d9fe-49d8-9f65-6d5dd2d6b492,e7cc3a88-4e24-4000-a826-f4f7e254ac71,delivery,2026-06-10T22:15:07.867421Z,2026-06-10T22:15:08.454127Z,587,0,SUCCESS
82a8fc2d-21c6-40bd-b56b-e6f1200277a6,3f9e0530-f133-4b0b-8229-8097297342fa,payment,2026-06-10T22:15:08.131557Z,2026-06-10T22:15:08.132960Z,1,0,SKIPPED_DUPLICATE
3158812b-10cd-4e4a-aff7-bcd309b44e00,3f9e0530-f133-4b0b-8229-8097297342fa,payment,2026-06-10T22:15:08.135618Z,2026-06-10T22:15:08.136976Z,1,0,SKIPPED_DUPLICATE
60dd79cf-aa7d-4d69-a1ab-1d83e67cc9df,e61cbcfa-2d72-42bc-bcb1-58f8ef3b0b46,payment,2026-06-10T22:15:08.139571Z,2026-06-10T22:15:08.447697Z,308,0,SUCCESS
2cd29943-88f9-4726-ab8f-2df73b55dca9,688a4856-09d8-4639-baea-2e2c175e5f17,kitchen,2026-06-10T22:15:08.191044Z,2026-06-10T22:15:08.665616Z,475,0,SUCCESS
dd3ffa71-8980-4622-b31b-8179af5686e9,e61cbcfa-2d72-42bc-bcb1-58f8ef3b0b46,payment,2026-06-10T22:15:08.450969Z,2026-06-10T22:15:08.452908Z,2,0,SKIPPED_DUPLICATE
b2c8c8f8-bdb7-4d82-9ffa-c901ba13fe8f,e61cbcfa-2d72-42bc-bcb1-58f8ef3b0b46,payment,2026-06-10T22:15:08.456622Z,2026-06-10T22:15:08.458389Z,2,0,SKIPPED_DUPLICATE
eacce126-92d9-4a90-bcf9-59957dae7056,736ff31d-9969-43f9-8238-986cd75e209a,delivery,2026-06-10T22:15:08.461091Z,2026-06-10T22:15:09.123125Z,662,0,SUCCESS
e87fe362-f6e2-49cb-ac99-f1dd6d15dc8c,8b2343e2-5b04-4ef8-a8f2-9454783b04da,payment,2026-06-10T22:15:08.461818Z,2026-06-10T22:15:08.754224Z,292,0,SUCCESS
1b24b299-a5a8-4ee8-9db0-892304a3fe5e,1d87e41a-3c18-4cfe-95df-d6efa91610ae,kitchen,2026-06-10T22:15:08.669849Z,2026-06-10T22:15:09.177825Z,508,0,SUCCESS
3bf91481-de0f-4d52-8c9b-34dfe9ea7f16,8b2343e2-5b04-4ef8-a8f2-9454783b04da,payment,2026-06-10T22:15:08.758301Z,2026-06-10T22:15:08.759700Z,1,0,SKIPPED_DUPLICATE
0f50eefb-e719-49d9-b10e-5c17c9178493,8b2343e2-5b04-4ef8-a8f2-9454783b04da,payment,2026-06-10T22:15:08.762669Z,2026-06-10T22:15:08.764082Z,1,0,SKIPPED_DUPLICATE
36ac1d49-9040-4539-a05d-04d6f71f7b9b,bc60e92a-cd91-4743-9db9-a7aaeca8ae33,payment,2026-06-10T22:15:08.766915Z,2026-06-10T22:15:09.000161Z,233,0,SUCCESS
6464ddd0-1674-4a3a-a3eb-112dc8520bd7,bc60e92a-cd91-4743-9db9-a7aaeca8ae33,payment,2026-06-10T22:15:09.005664Z,2026-06-10T22:15:09.007580Z,2,0,SKIPPED_DUPLICATE
64950adb-9687-451d-b084-fc86dbc691f8,bc60e92a-cd91-4743-9db9-a7aaeca8ae33,payment,2026-06-10T22:15:09.011058Z,2026-06-10T22:15:09.012863Z,2,0,SKIPPED_DUPLICATE
2eea257f-ccd5-44f7-8dbc-6a61a18fed6a,cf09dd97-f970-4a02-a8ba-12da2a12436d,payment,2026-06-10T22:15:09.016125Z,2026-06-10T22:15:09.153743Z,138,0,SUCCESS
54ec36fc-3ce0-4029-aaef-63c02e216d14,54a58bc4-d7bd-4900-969c-03f4f25e3457,delivery,2026-06-10T22:15:09.131566Z,2026-06-10T22:15:09.799780Z,668,0,SUCCESS
d69467aa-a7cf-427d-a582-5cf41c7181a5,cf09dd97-f970-4a02-a8ba-12da2a12436d,payment,2026-06-10T22:15:09.158446Z,2026-06-10T22:15:09.160773Z,2,0,SKIPPED_DUPLICATE
b1e07610-5814-4c3f-8fc2-b1b1dbff58e5,cf09dd97-f970-4a02-a8ba-12da2a12436d,payment,2026-06-10T22:15:09.164328Z,2026-06-10T22:15:09.166488Z,2,0,SKIPPED_DUPLICATE
dc599003-b622-468f-8705-d895531ebb07,aff6c3a3-3836-4d4d-b8f2-de49b6083cb5,payment,2026-06-10T22:15:09.171110Z,2026-06-10T22:15:09.408773Z,238,0,SUCCESS
a6440d75-184a-480e-9c11-8de8795e23d1,e63dd102-0e05-4add-b9df-502f3d52826f,kitchen,2026-06-10T22:15:09.183116Z,2026-06-10T22:15:09.518904Z,336,0,SUCCESS
49ae1a25-b8cd-48f8-9f83-65eb133309ab,aff6c3a3-3836-4d4d-b8f2-de49b6083cb5,payment,2026-06-10T22:15:09.412728Z,2026-06-10T22:15:09.414571Z,2,0,SKIPPED_DUPLICATE
9b4c5ee1-6a93-4605-907f-03dd153cb652,aff6c3a3-3836-4d4d-b8f2-de49b6083cb5,payment,2026-06-10T22:15:09.418175Z,2026-06-10T22:15:09.420241Z,2,0,SKIPPED_DUPLICATE
a06ff49f-3a22-44fe-9d02-06f53b10e187,031811b6-c935-4c06-9c9e-ebb5777da601,payment,2026-06-10T22:15:09.425675Z,2026-06-10T22:15:09.660185Z,235,0,SUCCESS
77bdcb25-79e7-499b-8f66-97171b30b670,6ffa515c-7507-4a84-af12-13ab3e4bf151,kitchen,2026-06-10T22:15:09.523809Z,2026-06-10T22:15:09.831543Z,308,0,SUCCESS
7552c70a-a2b3-4ab1-8ab9-36d3089cedf5,031811b6-c935-4c06-9c9e-ebb5777da601,payment,2026-06-10T22:15:09.664479Z,2026-06-10T22:15:09.665935Z,1,0,SKIPPED_DUPLICATE
0ce29ed7-20ab-4bd3-a740-45c8397b4332,031811b6-c935-4c06-9c9e-ebb5777da601,payment,2026-06-10T22:15:09.669481Z,2026-06-10T22:15:09.671800Z,2,0,SKIPPED_DUPLICATE
d7c86bc9-f85f-4952-875c-3ee60bf94fff,d1ffe0e3-67e2-476e-8e9d-dc0add8af241,payment,2026-06-10T22:15:09.676257Z,2026-06-10T22:15:09.918682Z,242,0,SUCCESS
539db0d1-fc29-4d7c-a1f2-32493f4a18fa,36570c53-76e8-4f1a-bafa-94f866f16ccc,delivery,2026-06-10T22:15:09.806076Z,2026-06-10T22:15:10.423147Z,617,0,SUCCESS
33f6a617-6aff-4ded-b1a4-77b3db7bea85,507d440a-f2c5-46be-8a2e-f2c4dd72a4a7,kitchen,2026-06-10T22:15:09.837891Z,2026-06-10T22:15:10.311931Z,474,0,SUCCESS
cbe39cb6-74f0-40be-a8e9-52e2643dc915,d1ffe0e3-67e2-476e-8e9d-dc0add8af241,payment,2026-06-10T22:15:09.924011Z,2026-06-10T22:15:09.927101Z,3,0,SKIPPED_DUPLICATE
085cd850-950d-4e06-879b-8235c437452f,d1ffe0e3-67e2-476e-8e9d-dc0add8af241,payment,2026-06-10T22:15:09.934241Z,2026-06-10T22:15:09.938292Z,4,0,SKIPPED_DUPLICATE
c403006e-a39e-4cde-bf84-073879258648,f392aa86-fb55-4145-8543-f5241e7a61f0,payment,2026-06-10T22:15:09.943184Z,2026-06-10T22:15:10.116796Z,174,0,SUCCESS
8c97428e-b42b-4c99-9002-01007c92839a,f392aa86-fb55-4145-8543-f5241e7a61f0,payment,2026-06-10T22:15:10.122189Z,2026-06-10T22:15:10.124956Z,3,0,SKIPPED_DUPLICATE
e52c93a0-20e4-4762-afe5-aad3902b5551,f392aa86-fb55-4145-8543-f5241e7a61f0,payment,2026-06-10T22:15:10.129599Z,2026-06-10T22:15:10.132041Z,2,0,SKIPPED_DUPLICATE
e6e9bf31-a4e8-442e-9508-9506f578a542,90ba5839-e4b4-423b-bdca-9b7f7fdc9bb9,payment,2026-06-10T22:15:10.137363Z,2026-06-10T22:15:10.413501Z,276,0,SUCCESS
23e3cb1b-6d81-480b-8956-84677e897560,3e03fea0-375e-4fe9-be1c-47274f88d181,kitchen,2026-06-10T22:15:10.316864Z,2026-06-10T22:15:10.709620Z,393,0,SUCCESS
0caf252b-7c3f-46a8-afeb-b7116afb66d4,90ba5839-e4b4-423b-bdca-9b7f7fdc9bb9,payment,2026-06-10T22:15:10.421072Z,2026-06-10T22:15:10.423914Z,3,0,SKIPPED_DUPLICATE
bcb65822-64b1-4056-bc02-4d6d8bd61762,90ba5839-e4b4-423b-bdca-9b7f7fdc9bb9,payment,2026-06-10T22:15:10.429255Z,2026-06-10T22:15:10.431523Z,2,0,SKIPPED_DUPLICATE
3d092b6c-1764-4b41-9b8a-cfab7be2b38d,a8488d8f-810a-4c28-863e-afe8179047f8,delivery,2026-06-10T22:15:10.432301Z,2026-06-10T22:15:11.071411Z,639,0,SUCCESS
09a9d50f-717c-44bf-9796-ad9e63b8dd81,217f30a7-5fad-4b45-9c55-ba38ce912ca1,payment,2026-06-10T22:15:10.436627Z,2026-06-10T22:15:10.648772Z,212,0,SUCCESS
a8f17b7e-2016-455d-adf9-91da632c11da,217f30a7-5fad-4b45-9c55-ba38ce912ca1,payment,2026-06-10T22:15:10.654302Z,2026-06-10T22:15:10.655972Z,2,0,SKIPPED_DUPLICATE
8ce62bf7-e0df-4400-be49-20454629f02c,217f30a7-5fad-4b45-9c55-ba38ce912ca1,payment,2026-06-10T22:15:10.659389Z,2026-06-10T22:15:10.661034Z,2,0,SKIPPED_DUPLICATE
055fc9c5-e9e6-4831-bbc6-eabc07ffcb2c,81bf61fd-b8cf-4e80-9347-d0b963700ec6,payment,2026-06-10T22:15:10.664426Z,2026-06-10T22:15:10.936408Z,272,0,SUCCESS
a8033679-2936-4597-bf58-f19eabbfa084,af65b7e2-53f0-4f28-a568-6b5652e7b017,kitchen,2026-06-10T22:15:10.714535Z,2026-06-10T22:15:11.016113Z,302,0,SUCCESS
e653f52c-b394-4d99-a28a-32d1e1d60995,81bf61fd-b8cf-4e80-9347-d0b963700ec6,payment,2026-06-10T22:15:10.940125Z,2026-06-10T22:15:10.942022Z,2,0,SKIPPED_DUPLICATE
0640c593-fb4e-4b50-87b6-e203c3b8d546,81bf61fd-b8cf-4e80-9347-d0b963700ec6,payment,2026-06-10T22:15:10.945750Z,2026-06-10T22:15:10.947553Z,2,0,SKIPPED_DUPLICATE
8be41ee4-178e-4aa4-a8bc-cf3c53f9131a,3ba35208-c6a8-43ca-9774-11f960b07f6e,kitchen,2026-06-10T22:15:11.022561Z,2026-06-10T22:15:11.327974Z,305,0,SUCCESS
50cbef4e-0dba-42a4-abe3-307f4776e7f6,a0e5036d-fad1-4ac3-9afe-38f01c944b2c,delivery,2026-06-10T22:15:11.077525Z,2026-06-10T22:15:11.419181Z,342,0,SUCCESS
7d67d35e-693b-428e-90e1-91d3370edab4,f6f8c3dd-2249-4710-8eb6-0111c05bce4e,kitchen,2026-06-10T22:15:11.333039Z,2026-06-10T22:15:11.766823Z,434,0,SUCCESS
4a766ef1-7f07-47ac-b48a-9cfa5158e060,74b414a0-1c6e-40bc-ba2b-4dd6943aa9b5,delivery,2026-06-10T22:15:11.437319Z,2026-06-10T22:15:12.000853Z,564,0,SUCCESS
25c39c95-3399-4f2b-be16-7213151e798f,c9948ffe-e1bb-4d33-b12f-2d07a34a2c12,kitchen,2026-06-10T22:15:11.772844Z,2026-06-10T22:15:12.034960Z,262,0,SUCCESS
8b80c15e-5f7e-496f-a094-eff2b3cae34b,688a4856-09d8-4639-baea-2e2c175e5f17,delivery,2026-06-10T22:15:12.006688Z,2026-06-10T22:15:12.523304Z,517,0,SUCCESS
7d6889ad-b449-4781-8eb1-d39c4a1f812b,4411f9c3-20c3-416b-8afe-b534f28cf482,kitchen,2026-06-10T22:15:12.042264Z,2026-06-10T22:15:12.348387Z,306,0,SUCCESS
bde227c8-b1fe-4288-a6ca-9f58cb807f02,2b3a2683-502e-4215-8f9f-d30b472e2a7f,kitchen,2026-06-10T22:15:12.352605Z,2026-06-10T22:15:12.645044Z,292,0,SUCCESS
ee687623-7715-484f-8291-2c1a80090752,1d87e41a-3c18-4cfe-95df-d6efa91610ae,delivery,2026-06-10T22:15:12.526669Z,2026-06-10T22:15:12.938820Z,412,0,SUCCESS
474a0a65-ccfa-4551-9a50-0ec3cc029a42,adec0484-5f76-4b12-9ec5-98ad817cce8a,kitchen,2026-06-10T22:15:12.649855Z,2026-06-10T22:15:13.092985Z,443,0,SUCCESS
cc88ebe4-1eac-4db7-b3ef-16c50a296078,e63dd102-0e05-4add-b9df-502f3d52826f,delivery,2026-06-10T22:15:12.943121Z,2026-06-10T22:15:13.600604Z,657,0,SUCCESS
255bfa81-a4f8-478a-b57f-dd8fe1347c1a,3f9e0530-f133-4b0b-8229-8097297342fa,kitchen,2026-06-10T22:15:13.099765Z,2026-06-10T22:15:13.512574Z,413,0,SUCCESS
50d6ded0-21e0-468e-bf3d-a2a97dc0e402,e61cbcfa-2d72-42bc-bcb1-58f8ef3b0b46,kitchen,2026-06-10T22:15:13.517851Z,2026-06-10T22:15:13.869960Z,352,0,SUCCESS
28f20475-933e-4092-97ea-d6d3d16c9468,6ffa515c-7507-4a84-af12-13ab3e4bf151,delivery,2026-06-10T22:15:13.605664Z,2026-06-10T22:15:14.056427Z,451,0,SUCCESS
c572dde7-3464-48db-a7e4-3ea90bfc820a,8b2343e2-5b04-4ef8-a8f2-9454783b04da,kitchen,2026-06-10T22:15:13.875968Z,2026-06-10T22:15:14.241978Z,366,0,SUCCESS
a444a142-9a55-4c70-8d12-8d732fb57de8,507d440a-f2c5-46be-8a2e-f2c4dd72a4a7,delivery,2026-06-10T22:15:14.060367Z,2026-06-10T22:15:14.379807Z,319,0,SUCCESS
0dc348fa-465b-4ac9-be4d-795003f19c8d,bc60e92a-cd91-4743-9db9-a7aaeca8ae33,kitchen,2026-06-10T22:15:14.246866Z,2026-06-10T22:15:14.719707Z,473,0,SUCCESS
54b157a4-9f95-4179-801b-fd9742d237d6,3e03fea0-375e-4fe9-be1c-47274f88d181,delivery,2026-06-10T22:15:14.384242Z,2026-06-10T22:15:14.855805Z,472,0,SUCCESS
58b47e4e-ffaa-4fbe-8e5e-cbfec84cd6c9,cf09dd97-f970-4a02-a8ba-12da2a12436d,kitchen,2026-06-10T22:15:14.725887Z,2026-06-10T22:15:15.216375Z,490,0,SUCCESS
78f7304a-eb85-42fd-b923-36794d0dbc9a,af65b7e2-53f0-4f28-a568-6b5652e7b017,delivery,2026-06-10T22:15:14.860857Z,2026-06-10T22:15:15.539728Z,679,0,SUCCESS
44cdebff-80dd-42e3-81a2-5b298402e835,aff6c3a3-3836-4d4d-b8f2-de49b6083cb5,kitchen,2026-06-10T22:15:15.225447Z,2026-06-10T22:15:15.614851Z,389,0,SUCCESS
fa8aa4df-cd95-45b8-b43c-3664ffa6f743,3ba35208-c6a8-43ca-9774-11f960b07f6e,delivery,2026-06-10T22:15:15.545120Z,2026-06-10T22:15:16.064751Z,520,0,SUCCESS
037a2929-1cee-49e2-ba7e-2f5975405886,031811b6-c935-4c06-9c9e-ebb5777da601,kitchen,2026-06-10T22:15:15.621560Z,2026-06-10T22:15:15.880094Z,259,0,SUCCESS
144706fb-1da4-470c-8201-396bc92ff7bf,d1ffe0e3-67e2-476e-8e9d-dc0add8af241,kitchen,2026-06-10T22:15:15.884893Z,2026-06-10T22:15:16.110612Z,226,0,SUCCESS
08deec8d-aa3e-4593-a0c1-daf59b16e431,f6f8c3dd-2249-4710-8eb6-0111c05bce4e,delivery,2026-06-10T22:15:16.068565Z,2026-06-10T22:15:16.549267Z,481,0,SUCCESS
c251dc02-b2e9-4e47-9edf-80935817ecf1,f392aa86-fb55-4145-8543-f5241e7a61f0,kitchen,2026-06-10T22:15:16.115423Z,2026-06-10T22:15:16.527258Z,412,0,SUCCESS
d95f3209-f44e-4d69-a21d-bbee58f657ed,90ba5839-e4b4-423b-bdca-9b7f7fdc9bb9,kitchen,2026-06-10T22:15:16.531251Z,2026-06-10T22:15:17.007451Z,476,0,SUCCESS
81f75281-3e90-4e23-b0bf-f4541ce17889,c9948ffe-e1bb-4d33-b12f-2d07a34a2c12,delivery,2026-06-10T22:15:16.552534Z,2026-06-10T22:15:16.880896Z,328,0,SUCCESS
76148ab2-358a-4550-bd45-2926b15e14ab,4411f9c3-20c3-416b-8afe-b534f28cf482,delivery,2026-06-10T22:15:16.885755Z,2026-06-10T22:15:17.468923Z,583,0,SUCCESS
1be36811-42de-448e-aa8e-0dc111f96b0c,217f30a7-5fad-4b45-9c55-ba38ce912ca1,kitchen,2026-06-10T22:15:17.012358Z,2026-06-10T22:15:17.433962Z,422,0,SUCCESS
cbc72b63-c801-41d8-9a88-e48e88c6a9c9,81bf61fd-b8cf-4e80-9347-d0b963700ec6,kitchen,2026-06-10T22:15:17.440729Z,2026-06-10T22:15:17.923497Z,483,0,SUCCESS
34103df1-eb12-45a2-990d-3cf7000cef26,2b3a2683-502e-4215-8f9f-d30b472e2a7f,delivery,2026-06-10T22:15:17.479491Z,2026-06-10T22:15:18.083703Z,604,0,SUCCESS
9da7de30-85a6-4760-b548-98ee3fd9ca53,adec0484-5f76-4b12-9ec5-98ad817cce8a,delivery,2026-06-10T22:15:18.087576Z,2026-06-10T22:15:18.785677Z,698,0,SUCCESS
2f8a12d6-d350-4183-ae37-2ed27fa057a5,3f9e0530-f133-4b0b-8229-8097297342fa,delivery,2026-06-10T22:15:18.790268Z,2026-06-10T22:15:19.427594Z,637,0,SUCCESS
02017adb-849a-4c6b-b622-5005d0299600,e61cbcfa-2d72-42bc-bcb1-58f8ef3b0b46,delivery,2026-06-10T22:15:19.431485Z,2026-06-10T22:15:19.817986Z,387,0,SUCCESS
6437868a-7325-45ad-974c-8de1f31e4f18,8b2343e2-5b04-4ef8-a8f2-9454783b04da,delivery,2026-06-10T22:15:19.821950Z,2026-06-10T22:15:20.206396Z,384,0,SUCCESS
f59be9f0-98ab-4a40-8ba4-92b1341d41bf,bc60e92a-cd91-4743-9db9-a7aaeca8ae33,delivery,2026-06-10T22:15:20.210503Z,2026-06-10T22:15:20.708192Z,498,0,SUCCESS
e23e2a36-3d20-46f6-98fb-8d8b1e932a00,cf09dd97-f970-4a02-a8ba-12da2a12436d,delivery,2026-06-10T22:15:20.713025Z,2026-06-10T22:15:21.415537Z,703,0,SUCCESS
e70da694-9614-41f6-8226-885a12ac5549,aff6c3a3-3836-4d4d-b8f2-de49b6083cb5,delivery,2026-06-10T22:15:21.420454Z,2026-06-10T22:15:21.898480Z,478,0,SUCCESS
e86f06a0-2998-4f94-bfee-8d707cdefff0,031811b6-c935-4c06-9c9e-ebb5777da601,delivery,2026-06-10T22:15:21.906882Z,2026-06-10T22:15:22.601585Z,695,0,SUCCESS
8f5d8f07-cece-4c7f-b610-e68bda375e98,d1ffe0e3-67e2-476e-8e9d-dc0add8af241,delivery,2026-06-10T22:15:22.607689Z,2026-06-10T22:15:23.012135Z,404,0,SUCCESS
3d71ac3b-a65e-4514-b054-8358152947fe,f392aa86-fb55-4145-8543-f5241e7a61f0,delivery,2026-06-10T22:15:23.016334Z,2026-06-10T22:15:23.703553Z,687,0,SUCCESS
d834df90-ae1c-4e4f-980c-1c8765511314,90ba5839-e4b4-423b-bdca-9b7f7fdc9bb9,delivery,2026-06-10T22:15:23.706712Z,2026-06-10T22:15:24.196648Z,490,0,SUCCESS
8ad7c642-35bb-4f4b-9111-aa3af865b95b,217f30a7-5fad-4b45-9c55-ba38ce912ca1,delivery,2026-06-10T22:15:24.201351Z,2026-06-10T22:15:24.596810Z,395,0,SUCCESS
9a8ac4b0-9eb4-47a7-ac1d-0c786e8eb1c8,81bf61fd-b8cf-4e80-9347-d0b963700ec6,delivery,2026-06-10T22:15:24.601316Z,2026-06-10T22:15:25.012370Z,411,0,SUCCESS
